{"b": 64.6226, "cbar": 11.832, "S": 840.284, "eta": [0.0, 0.005013725848232661, 0.010058400621454413, 0.015072126469687074, 0.020085852317919737, 0.02513052709114149, 0.030144252939374148, 0.0351889277125959, 0.04020265356082856, 0.04521637940906122, 0.05026105418228298, 0.055274780030515634, 0.060288505878748296, 0.06533318065197005, 0.07034690650020271, 0.07539158127342446, 0.08040530712165712, 0.08541903296988977, 0.09046370774311153, 0.0954774335913442, 0.10049115943957686, 0.10553583421279861, 0.11054956006103127, 0.11556328590926393, 0.12060796068248568, 0.12562168653071834, 0.1306663613039401, 0.13568008715217278, 0.14069381300040543, 0.14573848777362716, 0.15075221362185984, 0.1557659394700925, 0.16081061424331425, 0.1658243400915469, 0.17086901486476866, 0.1758827407130013, 0.18089646656123398, 0.18594114133445575, 0.1909548671826884, 0.19596859303092104, 0.2010132678041428, 0.20602699365237548, 0.21104071950060813, 0.2160853942738299, 0.22109912012206254, 0.2261437948952843, 0.23115752074351698, 0.23617124659174962, 0.24121592136497136, 0.24622964721320403, 0.2512433730614367, 0.2562880478346585, 0.2613017736828911, 0.2663464484561128, 0.27136017430434556, 0.2763739001525782, 0.2814185749257999, 0.2864323007740326, 0.29144602662226526, 0.296490701395487, 0.3015044272437197, 0.3065181530919523, 0.3115628278651741, 0.3165765537134067, 0.3216212284866285, 0.32663495433486117, 0.3316486801830938, 0.3366933549563155, 0.34170708080454826, 0.3467208066527809, 0.3517654814260026, 0.3567792072742353, 0.3618238820474571, 0.3668376078956897, 0.3718513337439224, 0.37689600851714417, 0.3819097343653768, 0.38692346021360946, 0.3919681349868312, 0.39698186083506387, 0.40199558668329655, 0.4070402614565182, 0.41205398730475096, 0.4170986620779727, 0.4221123879262053, 0.427126113774438, 0.4321707885476598, 0.4371845143958924, 0.4421982402441251, 0.44724291501734686, 0.4522566408655795, 0.4573013156388012, 0.46231504148703395, 0.46732876733526657, 0.4723734421084883, 0.477387167956721, 0.48240089380495366, 0.4874455685781754, 0.49245929442640807, 0.49747302027464074, 0.5025176950478624, 0.5075314208960952, 0.512576095669317, 0.5175898215175495, 0.5226035473657822, 0.527648222139004, 0.5326619479872365, 0.5376756738354693, 0.5427203486086911, 0.5477340744569237, 0.5527787492301455, 0.5577924750783781, 0.5628062009266107, 0.5678508756998325, 0.5728646015480652, 0.5778783273962979, 0.5829230021695196, 0.5879367280177522, 0.5929504538659849, 0.5979951286392067, 0.6030088544874393, 0.608053529260661, 0.6130672551088938, 0.6180809809571264, 0.6231256557303482, 0.6281393815785808, 0.6331531074268134, 0.6381977822000352, 0.6432115080482679, 0.6482561828214897, 0.6532699086697223, 0.6582836345179549, 0.6633283092911767, 0.6683420351394094, 0.673355760987642, 0.6784004357608638, 0.6834141616090965, 0.6884278874573291, 0.6934725622305509, 0.6984862880787835, 0.7035309628520052, 0.7085446887002379, 0.7135584145484706, 0.7186030893216924, 0.723616815169925, 0.7286305410181576, 0.7336752157913794, 0.7386889416396121, 0.7437336164128338, 0.7487473422610665, 0.7537610681092992, 0.7588057428825209, 0.7638194687307536, 0.7688331945789862, 0.7738778693522079, 0.7788915952004407, 0.7839053210486733, 0.7889499958218951, 0.7939637216701277, 0.7990083964433494, 0.8040221222915821, 0.8090358481398148, 0.8140805229130365, 0.8190942487612692, 0.8241079746095019, 0.8291526493827236, 0.8341663752309563, 0.8392110500041781, 0.8442247758524106, 0.8492385017006434, 0.8542831764738652, 0.8592969023220978, 0.8643106281703304, 0.8693553029435521, 0.8743690287917848, 0.8793827546400176, 0.8844274294132393, 0.8894411552614719, 0.8944858300346937, 0.8994995558829263, 0.904513281731159, 0.9095579565043808, 0.9145716823526133, 0.9195854082008461, 0.9246300829740679, 0.9296438088223005, 0.9346884835955223, 0.9397022094437548, 0.9447159352919875, 0.9497606100652093, 0.954774335913442, 0.9597880617616746, 0.9648327365348964, 0.969846462383129, 0.9748601882313617, 0.9799048630045835, 0.9849185888528161, 0.9899632636260378, 0.9949769894742706, 0.9999907153225032], "cCl_cbar": [43.08235737015377, 42.997136586968026, 42.82875906226074, 42.7358742071548, 42.65009273817259, 43.03312328599969, 43.851896654571576, 44.729362677561625, 45.15684117754917, 45.192759362096275, 45.43359433457113, 45.4369998960355, 44.697000528510024, 43.62587545008395, 41.81259973517381, 39.65731364001856, 37.90164573255737, 36.046965132291646, 34.823003133259945, 40.757335447199615, 37.94794957407387, 37.03779639109208, 36.31140203709255, 35.39822815222637, 34.47851459557473, 33.744292401922685, 33.30614071489283, 32.886453275788924, 32.54142517329332, 32.237476453773816, 32.00887155122731, 31.720372435432605, 31.374149475830396, 31.17557148833995, 31.221988937094824, 31.42088684328995, 31.549823980245264, 31.62789331108565, 31.751880744499015, 31.909471158015872, 32.0516808937938, 32.122425887911085, 32.116517464010016, 32.027673219973934, 32.173036344125414, 32.379070899524365, 32.613413571248564, 32.80956701358676, 32.97114490672253, 31.286189930739376, 30.404836939787835, 29.720199125815324, 32.571095642173425, 33.667992490728004, 33.879413262330225, 33.84089114420308, 33.48966811845523, 32.143436976730385, 34.70995639583738, 42.47033384759771, 43.376978408991505, 47.09057379801637, 46.03552409911459, 36.64111250162263, 36.59037842569528, 37.09698958274953, 38.42708821577301, 39.09576353449147, 38.332810412291465, 37.473019396217126, 36.83297455857921, 34.91783778003478, 35.467157816754984, 34.06834294369005, 33.872592240688135, 33.79395956816225, 33.77811656016914, 33.8071139762994, 33.796807043969714, 33.750382575887876, 33.66871852248064, 33.58815168237318, 33.45774150881251, 33.37903481721955, 33.367796415660756, 33.35746255570331, 33.26528328354398, 33.19779792646372, 33.09460248729192, 33.034632603554115, 32.97992987106146, 32.96479971034083, 32.8899632961522, 32.824771384270804, 32.73182380602055, 32.61776905795685, 32.503659537885866, 32.42939008440947, 32.33346198496242, 32.27185799847499, 32.166304613103826, 32.06833570521221, 32.05514416241316, 31.99574377660706, 31.943603255806497, 31.870502594878953, 31.74180931172256, 31.608254178061987, 31.52399042121958, 31.406841830470544, 31.316338177519743, 31.188615283024635, 31.06018452911793, 30.90303177772729, 30.818193747197125, 30.713343545686094, 30.625468944985453, 30.472483378685844, 30.374485831712075, 30.292629235920625, 30.112562716925122, 29.96263185745486, 29.843715920890418, 29.68340415199343, 29.5195266920717, 29.379476697095033, 29.26007193603215, 29.143308150706844, 28.99005799980166, 28.850636685644968, 28.69435650998841, 28.517556288548622, 28.367095711994978, 28.213611956877333, 28.08270725817097, 27.95026378272039, 27.783881554613508, 27.59294174650824, 27.479626306073072, 27.307990004346294, 27.14625298210105, 26.997279891816028, 26.857917944171042, 26.72494267289078, 26.615386586851123, 26.428221482677223, 26.282105639712487, 26.11187966883457, 25.887516670571188, 25.634717384911507, 25.402762015617654, 25.10456791037627, 24.85601616203509, 24.585909974168498, 24.31508351799008, 24.059334773621877, 23.780290041441162, 23.49173490427907, 23.318449426004687, 23.158904804041573, 22.98309320936935, 22.74074447741435, 22.45816206359651, 22.13091142275015, 21.832673614347513, 21.5646285789608, 21.306076657544406, 20.969030084342403, 20.677243530539705, 20.326901264376097, 20.006309970269452, 19.733157485810565, 19.449657810388555, 19.179884339817924, 18.863752551256546, 18.529721810930525, 18.073716828450838, 17.74214169299628, 17.276343688650485, 16.84054896850341, 16.479961072551244, 16.033163686485157, 15.50958647722439, 15.03998987706713, 14.520762546482132, 14.011165577711603, 13.38699412718642, 12.790547551222389, 12.071869750987787, 11.345292034799183, 10.621143805696649, 9.84517196129978, 9.04883994334706, 8.203038075164034, 7.3384274622952095, 6.469272299500163, 5.478574642568176, 4.485596916363628, 3.3377595303380017, 0.00043168912113583]}