AOA,CL,CMF,CL_NACELLE,CL,CMF,CL_NACELLE,CL,CMF,CL_NACELLE,CL,CMF,CL_NACELLE
-4,-0.258757,0.012664,-0.017383,-0.214545,0.005515,-0.014399,-0.19629,-0.002282,-0.013326,-0.185352,-0.005075,-0.012465
-3,-0.092223,-0.019903,-0.014013,-0.021642,-0.023295,-0.011009,-0.065721,-0.025775,-0.010864,-0.058231,-0.027911,-0.010539
-2,0.071551,-0.05164,-0.010644,0.066273,-0.050889,-0.00909,0.064384,-0.050857,-0.008811,0.063062,-0.050508,-0.008508
-1,0.231634,-0.083266,-0.007531,0.206045,-0.078257,-0.007024,0.19255,-0.07518,-0.006642,0.183986,-0.073019,-0.006347
0,0.393395,-0.115915,-0.005189,0.345707,-0.105407,-0.00475,0.320627,-0.099418,-0.004344,0.304869,-0.09548,-0.004059
1,0.558216,-0.149254,-0.003111,0.485757,-0.132489,-0.002354,0.448817,-0.123593,-0.001927,0.425771,-0.117879,-0.001647
2,0.728091,-0.183441,-0.000934,0.626205,-0.159521,0.000141,0.576864,-0.147644,0.000605,0.546382,-0.140134,0.000886
3,0.911071,-0.22163,0.001193,0.764756,-0.186217,0.002653,0.705043,-0.171622,0.003247,0.667077,-0.162315,0.003548
4,1.082193,-0.260865,0.003304,0.899645,-0.212682,0.005037,0.832352,-0.195469,0.005957,0.78799,-0.184483,0.006327