AOA,CL,CMF,CL_NACELLE,CL,CMF,CL_NACELLE,CL,CMF,CL_NACELLE,CL,CMF,CL_NACELLE
-4,-0.262701,0.009766,-0.026939,-0.233679,0.002759,-0.021981,-0.205752,0.003444,-0.021289,-0.197258,-0.001834,-0.019106
-3,-0.123819,-0.024034,-0.021559,-0.105972,-0.020943,-0.017812,-0.081005,-0.024212,-0.01672,-0.074448,-0.025849,-0.016117
-2,0.052605,-0.050779,-0.01712,0.04874,-0.049627,-0.014243,0.048153,-0.049972,-0.013531,0.046886,-0.049611,-0.013
-1,0.210228,-0.082687,-0.012253,0.188195,-0.078214,-0.010912,0.17576,-0.07538,-0.010247,0.167533,-0.073183,-0.009735
0,0.368726,-0.115983,-0.008357,0.326246,-0.106346,-0.007505,0.302854,-0.100554,-0.006812,0.287814,-0.096606,-0.00633
1,0.529282,-0.15001,-0.004943,0.464234,-0.134238,-0.003941,0.429792,-0.125584,-0.003243,0.407923,-0.119929,-0.002792
2,0.693061,-0.184336,-0.001599,0.60262,-0.162043,-0.000289,0.556749,-0.150524,0.000441,0.52797,-0.14318,0.000874
3,0.866853,-0.221825,-0.000898,0.740142,-0.189665,0.003355,0.683639,-0.175384,0.00422,0.647921,-0.166361,0.004658
4,1.041176,-0.261382,0.004479,0.870644,-0.216588,0.006836,0.808761,-0.199996,0.008048,0.767485,-0.189446,0.008548